id;module_name;module_version;branch;ci_result;sonar_result;build_date;sonar_project
1;quantify Manager Expanded;synthesizing knowledge base Handmade Soft Hat;Rustic;Plastic Rubber indexing;seize rich Multi-tiered;2020-02-17T20:22:01;lavender
2;Tennessee;Awesome Unbranded;connect;orchestrate Hat;navigate pink;2020-02-17T14:00:09;one-to-one Wisconsin
3;Central ROI;Arkansas bypass;Liberian Dollar;Architect Brand;Junctions tan green;2020-02-18T06:58:51;optimizing Small Fresh Tuna
4;Estonia;e-services Senior Digitized;Configuration;feed sensor;Fish Intelligent;2020-02-17T15:40:31;withdrawal Auto Loan Account Springs
5;payment;metrics;background;Bhutan Oregon;Towels Principal Awesome;2020-02-18T02:16:30;Networked
6;Avon Credit Card Account;Pants Montserrat;Tasty maroon Security;revolutionary Points encompassing;Israel Unbranded Plastic Hat;2020-02-17T13:42:25;online CFP Franc Producer
7;Mississippi index;discrete International;Future-proofed;Buckinghamshire capacitor SDD;relationships Nepal Chief;2020-02-18T00:19:10;array Washington transmitting
8;open system lavender;Avon Afghanistan;Incredible Plastic Shirt core;Intelligent Fresh Pants;indigo Liaison global;2020-02-18T04:59:05;Well
9;solid state;Sausages ivory maroon;productize Consultant;RAM array;Bedfordshire open architecture Health;2020-02-17T21:35:14;Armenian Dram Designer
10;overriding Computers archive;Landing Designer;Avon;application Awesome Plastic Salad;program Metal;2020-02-18T10:40:50;Auto Loan Account
